r1,r5,r10,medr,meanr,spacy
6.80319829424307,26.454157782515992,41.24733475479744,18.0,41.924307036247335,0.7400988519020997
